row_type,indicator,indicator_label,config_id,params,corridor,eligible_days,signals,hits,hit_rate,baseline_hit_rate,raw_lift,same_week_lift,signals_per_week,mean_regret_bps
registered_config,level_percentile,Уровень: нижние проценты диапазона,"level_percentile:{""pct"":5,""window"":30}","{""pct"":5,""window"":30}",UZS,1146,104,27,0.25961538461538464,0.39790575916230364,0.6524544534412956,1.4944649446494465,0.44336175395858707,197.63660701928782
registered_config,level_percentile,Уровень: нижние проценты диапазона,"level_percentile:{""pct"":5,""window"":60}","{""pct"":5,""window"":60}",UZS,1146,175,44,0.25142857142857145,0.39790575916230364,0.6318796992481204,1.428571428571429,0.7460414129110841,212.7617606540333
registered_config,level_percentile,Уровень: нижние проценты диапазона,"level_percentile:{""pct"":5,""window"":90}","{""pct"":5,""window"":90}",UZS,1146,164,45,0.27439024390243905,0.39790575916230364,0.6895860077021824,1.3196480938416424,0.6991473812423873,210.83698290864822
registered_config,level_percentile,Уровень: нижние проценты диапазона,"level_percentile:{""pct"":5,""window"":180}","{""pct"":5,""window"":180}",UZS,1146,171,45,0.2631578947368421,0.39790575916230364,0.6613573407202216,1.2064343163538875,0.7289890377588306,205.3767092448845
registered_config,level_percentile,Уровень: нижние проценты диапазона,"level_percentile:{""pct"":5,""window"":252}","{""pct"":5,""window"":252}",UZS,1146,181,49,0.27071823204419887,0.39790575916230364,0.6803576621110787,1.1764705882352944,0.771619975639464,208.4275942179869
registered_config,level_percentile,Уровень: нижние проценты диапазона,"level_percentile:{""pct"":10,""window"":30}","{""pct"":10,""window"":30}",UZS,1146,219,61,0.2785388127853881,0.39790575916230364,0.7000120163422254,1.3937547600913938,0.9336175395858708,202.46399790509798
registered_config,level_percentile,Уровень: нижние проценты диапазона,"level_percentile:{""pct"":10,""window"":60}","{""pct"":10,""window"":60}",UZS,1146,247,61,0.24696356275303644,0.39790575916230364,0.6206584274451311,1.1685823754789275,1.0529841656516443,193.8621808115944
registered_config,level_percentile,Уровень: нижние проценты диапазона,"level_percentile:{""pct"":10,""window"":90}","{""pct"":10,""window"":90}",UZS,1146,251,68,0.27091633466135456,0.39790575916230364,0.6808555252673516,1.1908931698774081,1.0700365408038977,190.24448721242842
registered_config,level_percentile,Уровень: нижние проценты диапазона,"level_percentile:{""pct"":10,""window"":180}","{""pct"":10,""window"":180}",UZS,1146,235,60,0.2553191489361702,0.39790575916230364,0.6416573348264277,1.090909090909091,1.0018270401948843,195.90223093077395
registered_config,level_percentile,Уровень: нижние проценты диапазона,"level_percentile:{""pct"":10,""window"":252}","{""pct"":10,""window"":252}",UZS,1146,245,68,0.27755102040816326,0.39790575916230364,0.6975295381310419,1.1184210526315792,1.0444579780755177,202.6042228074033
registered_config,level_percentile,Уровень: нижние проценты диапазона,"level_percentile:{""pct"":20,""window"":30}","{""pct"":20,""window"":30}",UZS,1146,318,88,0.27672955974842767,0.39790575916230364,0.6954650777888117,1.1594202898550725,1.3556638246041413,196.82693135973895
registered_config,level_percentile,Уровень: нижние проценты диапазона,"level_percentile:{""pct"":20,""window"":60}","{""pct"":20,""window"":60}",UZS,1146,344,94,0.27325581395348836,0.39790575916230364,0.6867350061199511,1.1936507936507936,1.466504263093788,183.01479107348607
registered_config,level_percentile,Уровень: нижние проценты диапазона,"level_percentile:{""pct"":20,""window"":90}","{""pct"":20,""window"":90}",UZS,1146,349,99,0.2836676217765043,0.39790575916230364,0.7129015231488464,1.1211778029445072,1.4878197320341047,177.73833992308334
registered_config,level_percentile,Уровень: нижние проценты диапазона,"level_percentile:{""pct"":20,""window"":180}","{""pct"":20,""window"":180}",UZS,1146,324,93,0.28703703703703703,0.39790575916230364,0.721369395711501,1.0801393728222994,1.3812423873325212,185.0776474809844
registered_config,level_percentile,Уровень: нижние проценты диапазона,"level_percentile:{""pct"":20,""window"":252}","{""pct"":20,""window"":252}",UZS,1146,344,106,0.3081395348837209,0.39790575916230364,0.7744033047735618,1.062124248496994,1.466504263093788,182.36717639511585
registered_config,momentum_streak,Моментум: N дней подряд вниз,"momentum_streak:{""n"":2}","{""n"":2}",UZS,1146,321,103,0.32087227414330216,0.39790575916230364,0.8064026889654041,1.3165743502343414,1.3684531059683311,194.87242461513435
registered_config,momentum_streak,Моментум: N дней подряд вниз,"momentum_streak:{""n"":3}","{""n"":3}",UZS,1146,188,62,0.32978723404255317,0.39790575916230364,0.8288073908174692,1.4514241123683185,0.8014616321559074,203.64272664040064
registered_config,momentum_streak,Моментум: N дней подряд вниз,"momentum_streak:{""n"":4}","{""n"":4}",UZS,1146,110,36,0.32727272727272727,0.39790575916230364,0.822488038277512,1.5428571428571431,0.46894031668696706,221.83198061304185
registered_config,momentum_streak,Моментум: N дней подряд вниз,"momentum_streak:{""n"":5}","{""n"":5}",UZS,1146,64,24,0.375,0.39790575916230364,0.9424342105263158,1.535181236673774,0.2728380024360536,250.3969989406449
registered_config,filter_rule,Сильное однодневное снижение,"filter_rule:{""x"":0.5}","{""x"":0.5}",UZS,1146,302,83,0.27483443708609273,0.39790575916230364,0.6907023353084699,1.1364673664993155,1.287454323995128,234.6560009395891
registered_config,filter_rule,Сильное однодневное снижение,"filter_rule:{""x"":1}","{""x"":1}",UZS,1146,146,40,0.273972602739726,0.39790575916230364,0.6885364095169431,1.1272898074213245,0.6224116930572472,262.4897609527674
registered_config,filter_rule,Сильное однодневное снижение,"filter_rule:{""x"":2}","{""x"":2}",UZS,1146,59,17,0.288135593220339,0.39790575916230364,0.7241302408563783,1.3010204081632653,0.2515225334957369,310.02611330110017
registered_config,filter_rule,Сильное однодневное снижение,"filter_rule:{""x"":3}","{""x"":3}",UZS,1146,28,12,0.42857142857142855,0.39790575916230364,1.0770676691729324,1.8136020151133498,0.11936662606577345,355.67724798287634
registered_config,reversal_from_low,Разворот вверх от минимума,"reversal_from_low:{""bounce"":0.5,""lookback"":20}","{""bounce"":0.5,""lookback"":20}",UZS,1146,940,408,0.4340425531914894,0.39790575916230364,1.0908174692049273,0.9742895805142084,4.007308160779537,135.25840033545379
registered_config,reversal_from_low,Разворот вверх от минимума,"reversal_from_low:{""bounce"":0.5,""lookback"":60}","{""bounce"":0.5,""lookback"":60}",UZS,1146,1016,429,0.422244094488189,0.39790575916230364,1.0611660795690014,0.9810198948090555,4.33130328867235,141.7371332276132
registered_config,reversal_from_low,Разворот вверх от минимума,"reversal_from_low:{""bounce"":0.5,""lookback"":90}","{""bounce"":0.5,""lookback"":90}",UZS,1146,1040,431,0.41442307692307695,0.39790575916230364,1.0415106275303645,0.9846927119031299,4.433617539585871,142.66441928513268
registered_config,reversal_from_low,Разворот вверх от минимума,"reversal_from_low:{""bounce"":1.0,""lookback"":20}","{""bounce"":1.0,""lookback"":20}",UZS,1146,879,384,0.43686006825938567,0.39790575916230364,1.097898329441351,0.9630496572479518,3.7472594397076735,136.25119247677415
registered_config,reversal_from_low,Разворот вверх от минимума,"reversal_from_low:{""bounce"":1.0,""lookback"":60}","{""bounce"":1.0,""lookback"":60}",UZS,1146,965,411,0.42590673575129534,0.39790575916230364,1.070370875374966,0.9707132735002363,4.113885505481121,140.80240624041355
registered_config,reversal_from_low,Разворот вверх от минимума,"reversal_from_low:{""bounce"":1.0,""lookback"":90}","{""bounce"":1.0,""lookback"":90}",UZS,1146,995,416,0.41809045226130653,0.39790575916230364,1.0507273208145993,0.9783631232361241,4.2417783191230205,143.76908702977818
registered_config,reversal_from_low,Разворот вверх от минимума,"reversal_from_low:{""bounce"":1.5,""lookback"":20}","{""bounce"":1.5,""lookback"":20}",UZS,1146,820,359,0.4378048780487805,0.39790575916230364,1.1002727856225931,0.9577590040017785,3.4957369062119366,135.25466235866904
registered_config,reversal_from_low,Разворот вверх от минимума,"reversal_from_low:{""bounce"":1.5,""lookback"":60}","{""bounce"":1.5,""lookback"":60}",UZS,1146,919,399,0.43416757344940154,0.39790575916230364,1.0911316648531013,0.9705667720749209,3.917783191230207,141.48403095827373
registered_config,reversal_from_low,Разворот вверх от минимума,"reversal_from_low:{""bounce"":1.5,""lookback"":90}","{""bounce"":1.5,""lookback"":90}",UZS,1146,953,401,0.42077649527806926,0.39790575916230364,1.0574777710277794,0.9700048379293663,4.06272838002436,144.41461581065678
registered_config,volatility_regime,Волатильность и режим,"volatility_regime:{""regime"":""low"",""window"":20}","{""regime"":""low"",""window"":20}",UZS,1146,240,118,0.49166666666666664,0.39790575916230364,1.2356359649122808,1.00169779286927,1.0231425091352009,64.95683589744614
registered_config,volatility_regime,Волатильность и режим,"volatility_regime:{""regime"":""mid"",""window"":20}","{""regime"":""mid"",""window"":20}",UZS,1146,335,147,0.4388059701492537,0.39790575916230364,1.102788688138256,1.0251046025104602,1.428136419001218,102.1037087013776
registered_config,volatility_regime,Волатильность и режим,"volatility_regime:{""regime"":""high"",""window"":20}","{""regime"":""high"",""window"":20}",UZS,1146,571,191,0.3345008756567426,0.39790575916230364,0.8406535164531295,0.9804928131416837,2.4342265529841653,218.5242538301767
registered_config,seasonality,Сезонность,"seasonality:{""calendar"":""month"",""min_observations"":20,""min_signal_to_noise"":0.25}","{""calendar"":""month"",""min_observations"":20,""min_signal_to_noise"":0.25}",UZS,1146,10,7,0.7,0.39790575916230364,1.7592105263157896,1.0294117647058825,0.04263093788063337,81.66103616982033
registered_config,seasonality,Сезонность,"seasonality:{""calendar"":""day_of_month"",""min_observations"":20,""min_signal_to_noise"":0.25}","{""calendar"":""day_of_month"",""min_observations"":20,""min_signal_to_noise"":0.25}",UZS,1146,96,40,0.4166666666666667,0.39790575916230364,1.0471491228070176,1.0526315789473684,0.40925700365408035,188.98860526107094
registered_config,level_percentile,Уровень: нижние проценты диапазона,"level_percentile:{""pct"":5,""window"":30}","{""pct"":5,""window"":30}",TJS,1146,86,24,0.27906976744186046,0.4214659685863874,0.6621406904521162,1.5929203539823011,0.366626065773447,215.51338024704472
registered_config,level_percentile,Уровень: нижние проценты диапазона,"level_percentile:{""pct"":5,""window"":60}","{""pct"":5,""window"":60}",TJS,1146,134,40,0.29850746268656714,0.4214659685863874,0.7082599425234077,1.415929203539823,0.5712545676004872,228.51022734974535
registered_config,level_percentile,Уровень: нижние проценты диапазона,"level_percentile:{""pct"":5,""window"":90}","{""pct"":5,""window"":90}",TJS,1146,127,42,0.33070866141732286,0.4214659685863874,0.7846627867168778,1.304347826086956,0.5414129110840438,222.31328202205816
registered_config,level_percentile,Уровень: нижние проценты диапазона,"level_percentile:{""pct"":5,""window"":180}","{""pct"":5,""window"":180}",TJS,1146,96,36,0.375,0.4214659685863874,0.8897515527950312,1.2203389830508475,0.40925700365408035,212.15420294124183
registered_config,level_percentile,Уровень: нижние проценты диапазона,"level_percentile:{""pct"":5,""window"":252}","{""pct"":5,""window"":252}",TJS,1146,89,34,0.38202247191011235,0.4214659685863874,0.9064135668923163,1.2164579606440071,0.379415347137637,227.7059360462907
registered_config,level_percentile,Уровень: нижние проценты диапазона,"level_percentile:{""pct"":10,""window"":30}","{""pct"":10,""window"":30}",TJS,1146,176,53,0.30113636363636365,0.4214659685863874,0.7144974590626765,1.3514662133446662,0.7503045066991474,214.89236453700596
registered_config,level_percentile,Уровень: нижние проценты диапазона,"level_percentile:{""pct"":10,""window"":60}","{""pct"":10,""window"":60}",TJS,1146,195,61,0.3128205128205128,0.4214659685863874,0.7422200987418379,1.2187812187812186,0.8313032886723507,202.83770809782555
registered_config,level_percentile,Уровень: нижние проценты диапазона,"level_percentile:{""pct"":10,""window"":90}","{""pct"":10,""window"":90}",TJS,1146,194,61,0.31443298969072164,0.4214659685863874,0.7460459755394763,1.1317254174397031,0.8270401948842874,198.90683154891147
registered_config,level_percentile,Уровень: нижние проценты диапазона,"level_percentile:{""pct"":10,""window"":180}","{""pct"":10,""window"":180}",TJS,1146,145,50,0.3448275862068966,0.4214659685863874,0.8181623473977299,1.1538461538461537,0.6181485992691839,206.37419701045303
registered_config,level_percentile,Уровень: нижние проценты диапазона,"level_percentile:{""pct"":10,""window"":252}","{""pct"":10,""window"":252}",TJS,1146,137,49,0.35766423357664234,0.4214659685863874,0.8486194858774992,1.1502347417840375,0.5840438489646772,217.04405513008265
registered_config,level_percentile,Уровень: нижние проценты диапазона,"level_percentile:{""pct"":20,""window"":30}","{""pct"":20,""window"":30}",TJS,1146,256,82,0.3203125,0.4214659685863874,0.7599961180124224,1.1739441660701502,1.0913520097442144,185.8372666430564
registered_config,level_percentile,Уровень: нижние проценты диапазона,"level_percentile:{""pct"":20,""window"":60}","{""pct"":20,""window"":60}",TJS,1146,281,80,0.2846975088967972,0.4214659685863874,0.6754934683141399,1.1235955056179774,1.1979293544457978,194.56577191039773
registered_config,level_percentile,Уровень: нижние проценты диапазона,"level_percentile:{""pct"":20,""window"":90}","{""pct"":20,""window"":90}",TJS,1146,299,94,0.31438127090301005,0.4214659685863874,0.7459232638816761,1.0964230171073095,1.2746650426309378,182.34943356249883
registered_config,level_percentile,Уровень: нижние проценты диапазона,"level_percentile:{""pct"":20,""window"":180}","{""pct"":20,""window"":180}",TJS,1146,202,71,0.35148514851485146,0.4214659685863874,0.8339585511346166,1.0906298003072197,0.8611449451887941,190.64900879625256
registered_config,level_percentile,Уровень: нижние проценты диапазона,"level_percentile:{""pct"":20,""window"":252}","{""pct"":20,""window"":252}",TJS,1146,206,79,0.38349514563106796,0.4214659685863874,0.9099077368389314,1.0941828254847645,0.8781973203410475,195.60884197065346
registered_config,momentum_streak,Моментум: N дней подряд вниз,"momentum_streak:{""n"":2}","{""n"":2}",TJS,1146,289,90,0.31141868512110726,0.4214659685863874,0.7388940230823787,1.2744866650932263,1.2320341047503045,180.0264379612301
registered_config,momentum_streak,Моментум: N дней подряд вниз,"momentum_streak:{""n"":3}","{""n"":3}",TJS,1146,163,46,0.2822085889570552,0.4214659685863874,0.6695880806310254,1.2585499316005473,0.694884287454324,182.72525359380643
registered_config,momentum_streak,Моментум: N дней подряд вниз,"momentum_streak:{""n"":4}","{""n"":4}",TJS,1146,90,26,0.28888888888888886,0.4214659685863874,0.6854382332643202,1.3953488372093021,0.38367844092570036,168.60754601973088
registered_config,momentum_streak,Моментум: N дней подряд вниз,"momentum_streak:{""n"":5}","{""n"":5}",TJS,1146,49,17,0.3469387755102041,0.4214659685863874,0.8231715046266954,1.4245810055865924,0.2088915956151035,137.91497933057929
registered_config,filter_rule,Сильное однодневное снижение,"filter_rule:{""x"":0.5}","{""x"":0.5}",TJS,1146,251,68,0.27091633466135456,0.4214659685863874,0.6427952785132761,1.095596133190118,1.0700365408038977,235.6150835899315
registered_config,filter_rule,Сильное однодневное снижение,"filter_rule:{""x"":1}","{""x"":1}",TJS,1146,138,36,0.2608695652173913,0.4214659685863874,0.6189576019443694,1.1495476317189994,0.5883069427527405,268.9073109916813
registered_config,filter_rule,Сильное однодневное снижение,"filter_rule:{""x"":2}","{""x"":2}",TJS,1146,55,15,0.2727272727272727,0.4214659685863874,0.6470920383963862,1.446945337620579,0.23447015834348353,380.8548434659877
registered_config,filter_rule,Сильное однодневное снижение,"filter_rule:{""x"":3}","{""x"":3}",TJS,1146,33,11,0.3333333333333333,0.4214659685863874,0.7908902691511387,1.6458852867830422,0.14068209500609014,382.98060991050625
registered_config,reversal_from_low,Разворот вверх от минимума,"reversal_from_low:{""bounce"":0.5,""lookback"":20}","{""bounce"":0.5,""lookback"":20}",TJS,1146,976,436,0.44672131147540983,0.4214659685863874,1.0599226148050098,0.9795184783015689,4.160779537149817,132.06258683891318
registered_config,reversal_from_low,Разворот вверх от минимума,"reversal_from_low:{""bounce"":0.5,""lookback"":60}","{""bounce"":0.5,""lookback"":60}",TJS,1146,1046,457,0.43690248565965584,0.4214659685863874,1.0366257734285003,0.9857635893011216,4.459196102314251,136.2820396403514
registered_config,reversal_from_low,Разворот вверх от минимума,"reversal_from_low:{""bounce"":0.5,""lookback"":90}","{""bounce"":0.5,""lookback"":90}",TJS,1146,1071,462,0.43137254901960786,0.4214659685863874,1.0235050541955915,0.9910972862812398,4.565773447015834,138.65972349979577
registered_config,reversal_from_low,Разворот вверх от минимума,"reversal_from_low:{""bounce"":1.0,""lookback"":20}","{""bounce"":1.0,""lookback"":20}",TJS,1146,924,407,0.44047619047619047,0.4214659685863874,1.0451049985211476,0.9580227540211846,3.9390986601705236,129.48103244232433
registered_config,reversal_from_low,Разворот вверх от минимума,"reversal_from_low:{""bounce"":1.0,""lookback"":60}","{""bounce"":1.0,""lookback"":60}",TJS,1146,1003,439,0.43768693918245266,0.4214659685863874,1.0384870234018442,0.9772929652715939,4.275883069427527,132.45201515706205
registered_config,reversal_from_low,Разворот вверх от минимума,"reversal_from_low:{""bounce"":1.0,""lookback"":90}","{""bounce"":1.0,""lookback"":90}",TJS,1146,1030,443,0.4300970873786408,0.4214659685863874,1.0204788035940422,0.9829154648324827,4.3909866017052375,135.88710516710248
registered_config,reversal_from_low,Разворот вверх от минимума,"reversal_from_low:{""bounce"":1.5,""lookback"":20}","{""bounce"":1.5,""lookback"":20}",TJS,1146,847,381,0.4498229043683589,0.4214659685863874,1.067281673718715,0.9605445606958275,3.6108404384896464,125.25646517980621
registered_config,reversal_from_low,Разворот вверх от минимума,"reversal_from_low:{""bounce"":1.5,""lookback"":60}","{""bounce"":1.5,""lookback"":60}",TJS,1146,962,427,0.44386694386694386,0.4214659685863874,1.0531501401066619,0.9773030707610146,4.10109622411693,131.68762378709533
registered_config,reversal_from_low,Разворот вверх от минимума,"reversal_from_low:{""bounce"":1.5,""lookback"":90}","{""bounce"":1.5,""lookback"":90}",TJS,1146,997,433,0.43430290872617855,0.4214659685863874,1.0304578331267094,0.9819707449824242,4.250304506699147,134.37154858803177
registered_config,volatility_regime,Волатильность и режим,"volatility_regime:{""regime"":""low"",""window"":20}","{""regime"":""low"",""window"":20}",TJS,1146,241,129,0.5352697095435685,0.4214659685863874,1.2700188139480941,1.0472195913949398,1.0274056029232643,69.9565502348931
registered_config,volatility_regime,Волатильность и режим,"volatility_regime:{""regime"":""mid"",""window"":20}","{""regime"":""mid"",""window"":20}",TJS,1146,354,160,0.4519774011299435,0.4214659685863874,1.0723935852896798,0.9854239375898173,1.5091352009744214,95.24528372572895
registered_config,volatility_regime,Волатильность и режим,"volatility_regime:{""regime"":""high"",""window"":20}","{""regime"":""high"",""window"":20}",TJS,1146,551,194,0.35208711433756806,0.4214659685863874,0.835386817869261,0.9825272220815395,2.3489646772228987,210.82982291026494
registered_config,seasonality,Сезонность,"seasonality:{""calendar"":""month"",""min_observations"":20,""min_signal_to_noise"":0.25}","{""calendar"":""month"",""min_observations"":20,""min_signal_to_noise"":0.25}",TJS,1146,0,0,,0.4214659685863874,,,0.0,
registered_config,seasonality,Сезонность,"seasonality:{""calendar"":""day_of_month"",""min_observations"":20,""min_signal_to_noise"":0.25}","{""calendar"":""day_of_month"",""min_observations"":20,""min_signal_to_noise"":0.25}",TJS,1146,114,56,0.49122807017543857,0.4214659685863874,1.1655225019069413,1.058934762054838,0.48599269183922045,161.986076858726
registered_config,level_percentile,Уровень: нижние проценты диапазона,"level_percentile:{""pct"":5,""window"":30}","{""pct"":5,""window"":30}",KGS,1146,103,32,0.3106796116504854,0.39790575916230364,0.7807869187531936,1.5311004784688995,0.43909866017052374,160.00696242412903
registered_config,level_percentile,Уровень: нижние проценты диапазона,"level_percentile:{""pct"":5,""window"":60}","{""pct"":5,""window"":60}",KGS,1146,173,55,0.3179190751445087,0.39790575916230364,0.7989808335868573,1.3900589721988208,0.7375152253349573,179.135982598209
registered_config,level_percentile,Уровень: нижние проценты диапазона,"level_percentile:{""pct"":5,""window"":90}","{""pct"":5,""window"":90}",KGS,1146,152,49,0.3223684210526316,0.39790575916230364,0.8101627423822715,1.3598519888991676,0.6479902557856273,189.06745667375108
registered_config,level_percentile,Уровень: нижние проценты диапазона,"level_percentile:{""pct"":5,""window"":180}","{""pct"":5,""window"":180}",KGS,1146,177,55,0.3107344632768362,0.39790575916230364,0.7809247695509962,1.1578947368421053,0.7545676004872107,159.14833613062441
registered_config,level_percentile,Уровень: нижние проценты диапазона,"level_percentile:{""pct"":5,""window"":252}","{""pct"":5,""window"":252}",KGS,1146,205,62,0.3024390243902439,0.39790575916230364,0.7600770218228499,1.0801393728222994,0.8739342265529841,158.78878447826452
registered_config,level_percentile,Уровень: нижние проценты диапазона,"level_percentile:{""pct"":10,""window"":30}","{""pct"":10,""window"":30}",KGS,1146,208,65,0.3125,0.39790575916230364,0.7853618421052632,1.3096037609133646,0.8867235079171741,172.3970495415477
registered_config,level_percentile,Уровень: нижние проценты диапазона,"level_percentile:{""pct"":10,""window"":60}","{""pct"":10,""window"":60}",KGS,1146,232,72,0.3103448275862069,0.39790575916230364,0.7799455535390201,1.207378423700391,0.9890377588306942,184.1568330865894
registered_config,level_percentile,Уровень: нижние проценты диапазона,"level_percentile:{""pct"":10,""window"":90}","{""pct"":10,""window"":90}",KGS,1146,238,69,0.28991596638655465,0.39790575916230364,0.7286045997346308,1.1111111111111112,1.0146163215590742,183.65751647255937
registered_config,level_percentile,Уровень: нижние проценты диапазона,"level_percentile:{""pct"":10,""window"":180}","{""pct"":10,""window"":180}",KGS,1146,236,70,0.2966101694915254,0.39790575916230364,0.7454281891168599,1.0526315789473684,1.0060901339829476,163.5723269394281
registered_config,level_percentile,Уровень: нижние проценты диапазона,"level_percentile:{""pct"":10,""window"":252}","{""pct"":10,""window"":252}",KGS,1146,259,81,0.3127413127413127,0.39790575916230364,0.7859682991261939,1.0657894736842104,1.1041412911084043,163.10919785989657
registered_config,level_percentile,Уровень: нижние проценты диапазона,"level_percentile:{""pct"":20,""window"":30}","{""pct"":20,""window"":30}",KGS,1146,291,87,0.29896907216494845,0.39790575916230364,0.7513564839934889,1.1225806451612903,1.2405602923264312,177.1473708584764
registered_config,level_percentile,Уровень: нижние проценты диапазона,"level_percentile:{""pct"":20,""window"":60}","{""pct"":20,""window"":60}",KGS,1146,339,98,0.2890855457227139,0.39790575916230364,0.7265176214873468,1.0414452709883104,1.4451887941534713,172.63963628326516
registered_config,level_percentile,Уровень: нижние проценты диапазона,"level_percentile:{""pct"":20,""window"":90}","{""pct"":20,""window"":90}",KGS,1146,346,109,0.315028901734104,0.39790575916230364,0.7917173714633404,1.0665362035225048,1.4750304506699146,168.4818835894149
registered_config,level_percentile,Уровень: нижние проценты диапазона,"level_percentile:{""pct"":20,""window"":180}","{""pct"":20,""window"":180}",KGS,1146,301,105,0.3488372093023256,0.39790575916230364,0.8766829865361078,1.0710642638558314,1.2831912302070645,158.56135763204352
registered_config,level_percentile,Уровень: нижние проценты диапазона,"level_percentile:{""pct"":20,""window"":252}","{""pct"":20,""window"":252}",KGS,1146,346,125,0.36127167630057805,0.39790575916230364,0.9079327654396107,1.0463169642857142,1.4750304506699146,149.73766123414032
registered_config,momentum_streak,Моментум: N дней подряд вниз,"momentum_streak:{""n"":2}","{""n"":2}",KGS,1146,319,100,0.31347962382445144,0.39790575916230364,0.7878237914535556,1.303780964797914,1.3599269183922045,169.93238944230566
registered_config,momentum_streak,Моментум: N дней подряд вниз,"momentum_streak:{""n"":3}","{""n"":3}",KGS,1146,184,55,0.29891304347826086,0.39790575916230364,0.7512156750572083,1.3790221479314668,0.784409257003654,170.16566862750057
registered_config,momentum_streak,Моментум: N дней подряд вниз,"momentum_streak:{""n"":4}","{""n"":4}",KGS,1146,103,29,0.2815533980582524,0.39790575916230364,0.7075881451200817,1.3405238828967645,0.43909866017052374,166.57582158371932
registered_config,momentum_streak,Моментум: N дней подряд вниз,"momentum_streak:{""n"":5}","{""n"":5}",KGS,1146,54,19,0.35185185185185186,0.39790575916230364,0.8842592592592593,1.3834951456310678,0.2302070645554202,160.91541013171357
registered_config,filter_rule,Сильное однодневное снижение,"filter_rule:{""x"":0.5}","{""x"":0.5}",KGS,1146,269,72,0.26765799256505574,0.39790575916230364,0.6726667971042849,1.166306695464363,1.1467722289890376,218.59031714627776
registered_config,filter_rule,Сильное однодневное снижение,"filter_rule:{""x"":1}","{""x"":1}",KGS,1146,148,35,0.23648648648648649,0.39790575916230364,0.5943278805120911,1.1254019292604502,0.6309378806333739,256.07613961843924
registered_config,filter_rule,Сильное однодневное снижение,"filter_rule:{""x"":2}","{""x"":2}",KGS,1146,54,12,0.2222222222222222,0.39790575916230364,0.5584795321637427,1.2949640287769784,0.2302070645554202,309.99003123978906
registered_config,filter_rule,Сильное однодневное снижение,"filter_rule:{""x"":3}","{""x"":3}",KGS,1146,32,9,0.28125,0.39790575916230364,0.7068256578947368,1.5835777126099706,0.1364190012180268,341.4857623225783
registered_config,reversal_from_low,Разворот вверх от минимума,"reversal_from_low:{""bounce"":0.5,""lookback"":20}","{""bounce"":0.5,""lookback"":20}",KGS,1146,935,390,0.41711229946524064,0.39790575916230364,1.0482690683929075,0.9604334263667705,3.98599269183922,137.37245506872515
registered_config,reversal_from_low,Разворот вверх от минимума,"reversal_from_low:{""bounce"":0.5,""lookback"":60}","{""bounce"":0.5,""lookback"":60}",KGS,1146,993,409,0.4118831822759315,0.39790575916230364,1.0351274712460912,0.9709582970641766,4.233252131546894,139.72932185514446
registered_config,reversal_from_low,Разворот вверх от минимума,"reversal_from_low:{""bounce"":0.5,""lookback"":90}","{""bounce"":0.5,""lookback"":90}",KGS,1146,1015,412,0.4059113300492611,0.39790575916230364,1.0201192636764327,0.9766118836915297,4.327040194884288,141.62057843719614
registered_config,reversal_from_low,Разворот вверх от минимума,"reversal_from_low:{""bounce"":1.0,""lookback"":20}","{""bounce"":1.0,""lookback"":20}",KGS,1146,875,370,0.4228571428571429,0.39790575916230364,1.0627067669172934,0.9542640990371389,3.73020706455542,134.23421159907736
registered_config,reversal_from_low,Разворот вверх от минимума,"reversal_from_low:{""bounce"":1.0,""lookback"":60}","{""bounce"":1.0,""lookback"":60}",KGS,1146,947,398,0.42027455121436114,0.39790575916230364,1.056216306341355,0.9737400097863317,4.0371498172959805,138.01171315956347
registered_config,reversal_from_low,Разворот вверх от минимума,"reversal_from_low:{""bounce"":1.0,""lookback"":90}","{""bounce"":1.0,""lookback"":90}",KGS,1146,971,406,0.4181256436663234,0.39790575916230364,1.0508157623719443,0.9859154929577465,4.1394640682095005,138.5497458363739
registered_config,reversal_from_low,Разворот вверх от минимума,"reversal_from_low:{""bounce"":1.5,""lookback"":20}","{""bounce"":1.5,""lookback"":20}",KGS,1146,815,351,0.4306748466257669,0.39790575916230364,1.0823538908621246,0.955188679245283,3.47442143727162,131.6480379337094
registered_config,reversal_from_low,Разворот вверх от минимума,"reversal_from_low:{""bounce"":1.5,""lookback"":60}","{""bounce"":1.5,""lookback"":60}",KGS,1146,908,390,0.42951541850220265,0.39790575916230364,1.0794400649200093,0.985968904057641,3.8708891595615103,136.77834608385908
registered_config,reversal_from_low,Разворот вверх от минимума,"reversal_from_low:{""bounce"":1.5,""lookback"":90}","{""bounce"":1.5,""lookback"":90}",KGS,1146,940,398,0.42340425531914894,0.39790575916230364,1.0640817469204928,0.9866137828458105,4.007308160779537,137.58684987114583
registered_config,volatility_regime,Волатильность и режим,"volatility_regime:{""regime"":""low"",""window"":20}","{""regime"":""low"",""window"":20}",KGS,1146,239,119,0.497907949790795,0.39790575916230364,1.2513212948689718,1.0064843529743444,1.0188794153471377,67.43254888080459
registered_config,volatility_regime,Волатильность и режим,"volatility_regime:{""regime"":""mid"",""window"":20}","{""regime"":""mid"",""window"":20}",KGS,1146,412,170,0.41262135922330095,0.39790575916230364,1.0369826264690853,0.9842709640065617,1.756394640682095,102.16098509550541
registered_config,volatility_regime,Волатильность и режим,"volatility_regime:{""regime"":""high"",""window"":20}","{""regime"":""high"",""window"":20}",KGS,1146,495,167,0.3373737373737374,0.39790575916230364,0.8478734715576821,1.0118146016358678,2.110231425091352,216.00694583527206
registered_config,seasonality,Сезонность,"seasonality:{""calendar"":""month"",""min_observations"":20,""min_signal_to_noise"":0.25}","{""calendar"":""month"",""min_observations"":20,""min_signal_to_noise"":0.25}",KGS,1146,12,8,0.6666666666666666,0.39790575916230364,1.6754385964912282,0.9090909090909091,0.051157125456760044,133.35163731164275
registered_config,seasonality,Сезонность,"seasonality:{""calendar"":""day_of_month"",""min_observations"":20,""min_signal_to_noise"":0.25}","{""calendar"":""day_of_month"",""min_observations"":20,""min_signal_to_noise"":0.25}",KGS,1146,149,56,0.37583892617449666,0.39790575916230364,0.9445425644648535,0.9081081081081083,0.6352009744214372,155.99325490474746
registered_config,level_percentile,Уровень: нижние проценты диапазона,"level_percentile:{""pct"":5,""window"":30}","{""pct"":5,""window"":30}",AMD,1146,90,25,0.2777777777777778,0.39790575916230364,0.6980994152046784,1.6816143497757847,0.38367844092570036,204.48266359601
registered_config,level_percentile,Уровень: нижние проценты диапазона,"level_percentile:{""pct"":5,""window"":60}","{""pct"":5,""window"":60}",AMD,1146,132,49,0.3712121212121212,0.39790575916230364,0.9329146730462521,1.4923857868020307,0.5627283800243605,178.1668293246848
registered_config,level_percentile,Уровень: нижние проценты диапазона,"level_percentile:{""pct"":5,""window"":90}","{""pct"":5,""window"":90}",AMD,1146,129,49,0.3798449612403101,0.39790575916230364,0.9546103631170951,1.4411764705882353,0.5499390986601705,157.44716407841742
registered_config,level_percentile,Уровень: нижние проценты диапазона,"level_percentile:{""pct"":5,""window"":180}","{""pct"":5,""window"":180}",AMD,1146,132,43,0.32575757575757575,0.39790575916230364,0.8186802232854865,1.2146892655367234,0.5627283800243605,146.0797566035526
registered_config,level_percentile,Уровень: нижние проценты диапазона,"level_percentile:{""pct"":5,""window"":252}","{""pct"":5,""window"":252}",AMD,1146,152,52,0.34210526315789475,0.39790575916230364,0.8597645429362881,1.1479028697571743,0.6479902557856273,129.15714619373537
registered_config,level_percentile,Уровень: нижние проценты диапазона,"level_percentile:{""pct"":10,""window"":30}","{""pct"":10,""window"":30}",AMD,1146,184,61,0.33152173913043476,0.39790575916230364,0.83316647597254,1.4523809523809523,0.784409257003654,181.0389474382463
registered_config,level_percentile,Уровень: нижние проценты диапазона,"level_percentile:{""pct"":10,""window"":60}","{""pct"":10,""window"":60}",AMD,1146,209,69,0.33014354066985646,0.39790575916230364,0.8297028456308235,1.2226816302421735,0.8909866017052375,163.84600750968855
registered_config,level_percentile,Уровень: нижние проценты диапазона,"level_percentile:{""pct"":10,""window"":90}","{""pct"":10,""window"":90}",AMD,1146,215,65,0.3023255813953488,0.39790575916230364,0.7597919216646267,1.1607142857142858,0.9165651644336175,155.7959340244569
registered_config,level_percentile,Уровень: нижние проценты диапазона,"level_percentile:{""pct"":10,""window"":180}","{""pct"":10,""window"":180}",AMD,1146,192,67,0.3489583333333333,0.39790575916230364,0.8769873903508772,1.0737179487179487,0.8185140073081607,134.39117367997363
registered_config,level_percentile,Уровень: нижние проценты диапазона,"level_percentile:{""pct"":10,""window"":252}","{""pct"":10,""window"":252}",AMD,1146,207,75,0.36231884057971014,0.39790575916230364,0.910564454614798,1.080691642651297,0.8824604141291108,127.7942325998263
registered_config,level_percentile,Уровень: нижние проценты диапазона,"level_percentile:{""pct"":20,""window"":30}","{""pct"":20,""window"":30}",AMD,1146,300,81,0.27,0.39790575916230364,0.6785526315789474,1.1333955223880599,1.278928136419001,189.830729301064
registered_config,level_percentile,Уровень: нижние проценты диапазона,"level_percentile:{""pct"":20,""window"":60}","{""pct"":20,""window"":60}",AMD,1146,311,97,0.31189710610932475,0.39790575916230364,0.7838466745642241,1.1492890995260665,1.3258221680876978,160.8178477217011
registered_config,level_percentile,Уровень: нижние проценты диапазона,"level_percentile:{""pct"":20,""window"":90}","{""pct"":20,""window"":90}",AMD,1146,314,100,0.3184713375796178,0.39790575916230364,0.8003687562856185,1.0460251046025104,1.338611449451888,146.84358842557668
registered_config,level_percentile,Уровень: нижние проценты диапазона,"level_percentile:{""pct"":20,""window"":180}","{""pct"":20,""window"":180}",AMD,1146,244,87,0.35655737704918034,0.39790575916230364,0.8960849870578085,1.0984848484848486,1.0401948842874542,133.993218190565
registered_config,level_percentile,Уровень: нижние проценты диапазона,"level_percentile:{""pct"":20,""window"":252}","{""pct"":20,""window"":252}",AMD,1146,280,95,0.3392857142857143,0.39790575916230364,0.8526785714285715,1.0766905931242916,1.1936662606577344,138.04897371783176
registered_config,momentum_streak,Моментум: N дней подряд вниз,"momentum_streak:{""n"":2}","{""n"":2}",AMD,1146,304,88,0.2894736842105263,0.39790575916230364,0.7274930747922438,1.2508884150675197,1.2959805115712546,190.37507984630037
registered_config,momentum_streak,Моментум: N дней подряд вниз,"momentum_streak:{""n"":3}","{""n"":3}",AMD,1146,176,50,0.2840909090909091,0.39790575916230364,0.7139653110047848,1.3280212483399736,0.7503045066991474,190.4748194386737
registered_config,momentum_streak,Моментум: N дней подряд вниз,"momentum_streak:{""n"":4}","{""n"":4}",AMD,1146,99,25,0.25252525252525254,0.39790575916230364,0.6346358320042531,1.3204225352112675,0.4220462850182704,191.13920060022326
registered_config,momentum_streak,Моментум: N дней подряд вниз,"momentum_streak:{""n"":5}","{""n"":5}",AMD,1146,55,15,0.2727272727272727,0.39790575916230364,0.6854066985645932,1.267605633802817,0.23447015834348353,179.83339576019534
registered_config,filter_rule,Сильное однодневное снижение,"filter_rule:{""x"":0.5}","{""x"":0.5}",AMD,1146,265,67,0.2528301886792453,0.39790575916230364,0.6354021847070507,1.154508902929351,1.1297198538367843,216.945312797824
registered_config,filter_rule,Сильное однодневное снижение,"filter_rule:{""x"":1}","{""x"":1}",AMD,1146,142,34,0.23943661971830985,0.39790575916230364,0.6017420311341735,1.1074918566775245,0.6053593179049939,241.3302531522162
registered_config,filter_rule,Сильное однодневное снижение,"filter_rule:{""x"":2}","{""x"":2}",AMD,1146,53,15,0.2830188679245283,0.39790575916230364,0.7112711022840119,1.2569832402234637,0.22594397076735687,252.13373781218283
registered_config,filter_rule,Сильное однодневное снижение,"filter_rule:{""x"":3}","{""x"":3}",AMD,1146,25,10,0.4,0.39790575916230364,1.0052631578947369,1.8018018018018016,0.10657734470158343,221.69958324678947
registered_config,reversal_from_low,Разворот вверх от минимума,"reversal_from_low:{""bounce"":0.5,""lookback"":20}","{""bounce"":0.5,""lookback"":20}",AMD,1146,966,405,0.4192546583850932,0.39790575916230364,1.0536531546256949,0.9623000158403294,4.118148599269183,126.59704903326697
registered_config,reversal_from_low,Разворот вверх от минимума,"reversal_from_low:{""bounce"":0.5,""lookback"":60}","{""bounce"":0.5,""lookback"":60}",AMD,1146,1027,418,0.4070107108081792,0.39790575916230364,1.0228821811100293,0.9681154944800433,4.378197320341047,132.15970673897522
registered_config,reversal_from_low,Разворот вверх от минимума,"reversal_from_low:{""bounce"":0.5,""lookback"":90}","{""bounce"":0.5,""lookback"":90}",AMD,1146,1048,418,0.3988549618320611,0.39790575916230364,1.0023854961832062,0.9711895910780668,4.467722289890378,138.62127197101887
registered_config,reversal_from_low,Разворот вверх от минимума,"reversal_from_low:{""bounce"":1.0,""lookback"":20}","{""bounce"":1.0,""lookback"":20}",AMD,1146,903,378,0.4186046511627907,0.39790575916230364,1.0520195838433293,0.9506245284600553,3.8495736906211935,127.62185967762979
registered_config,reversal_from_low,Разворот вверх от минимума,"reversal_from_low:{""bounce"":1.0,""lookback"":60}","{""bounce"":1.0,""lookback"":60}",AMD,1146,972,396,0.4074074074074074,0.39790575916230364,1.023879142300195,0.9660107334525939,4.143727161997564,133.78380828472567
registered_config,reversal_from_low,Разворот вверх от минимума,"reversal_from_low:{""bounce"":1.0,""lookback"":90}","{""bounce"":1.0,""lookback"":90}",AMD,1146,1003,407,0.4057826520438684,0.39790575916230364,1.0197958755313008,0.9821428571428572,4.275883069427527,139.12427384931595
registered_config,reversal_from_low,Разворот вверх от минимума,"reversal_from_low:{""bounce"":1.5,""lookback"":20}","{""bounce"":1.5,""lookback"":20}",AMD,1146,834,354,0.4244604316546763,0.39790575916230364,1.0667360848163576,0.9511015583019882,3.555420219244823,127.03370445938025
registered_config,reversal_from_low,Разворот вверх от минимума,"reversal_from_low:{""bounce"":1.5,""lookback"":60}","{""bounce"":1.5,""lookback"":60}",AMD,1146,929,385,0.41442411194833156,0.39790575916230364,1.0415132287122544,0.9722222222222222,3.9604141291108403,134.7520103335929
registered_config,reversal_from_low,Разворот вверх от минимума,"reversal_from_low:{""bounce"":1.5,""lookback"":90}","{""bounce"":1.5,""lookback"":90}",AMD,1146,963,393,0.40809968847352024,0.39790575916230364,1.0256189539268732,0.9802943377400849,4.105359317904994,139.53073919794676
registered_config,volatility_regime,Волатильность и режим,"volatility_regime:{""regime"":""low"",""window"":20}","{""regime"":""low"",""window"":20}",AMD,1146,262,133,0.5076335877862596,0.39790575916230364,1.2757633587786261,1.0434100418410042,1.1169305724725944,60.275208786792334
registered_config,volatility_regime,Волатильность и режим,"volatility_regime:{""regime"":""mid"",""window"":20}","{""regime"":""mid"",""window"":20}",AMD,1146,362,145,0.4005524861878453,0.39790575916230364,1.0066516429194534,0.9509235982074543,1.543239951278928,113.25349897720046
registered_config,volatility_regime,Волатильность и режим,"volatility_regime:{""regime"":""high"",""window"":20}","{""regime"":""high"",""window"":20}",AMD,1146,522,178,0.34099616858237547,0.39790575916230364,0.8569772131478121,1.011076398750355,2.225334957369062,199.60492897159097
registered_config,seasonality,Сезонность,"seasonality:{""calendar"":""month"",""min_observations"":20,""min_signal_to_noise"":0.25}","{""calendar"":""month"",""min_observations"":20,""min_signal_to_noise"":0.25}",AMD,1146,3,0,0.0,0.39790575916230364,0.0,0.0,0.012789281364190011,758.1162397085491
registered_config,seasonality,Сезонность,"seasonality:{""calendar"":""day_of_month"",""min_observations"":20,""min_signal_to_noise"":0.25}","{""calendar"":""day_of_month"",""min_observations"":20,""min_signal_to_noise"":0.25}",AMD,1146,110,47,0.42727272727272725,0.39790575916230364,1.073803827751196,1.0262008733624455,0.46894031668696706,178.3864687686645
registered_config,level_percentile,Уровень: нижние проценты диапазона,"level_percentile:{""pct"":5,""window"":30}","{""pct"":5,""window"":30}",KZT,1146,94,28,0.2978723404255319,0.3568935427574171,0.8346251885761848,1.75,0.4007308160779537,230.07419077289225
registered_config,level_percentile,Уровень: нижние проценты диапазона,"level_percentile:{""pct"":5,""window"":60}","{""pct"":5,""window"":60}",KZT,1146,165,52,0.3151515151515151,0.3568935427574171,0.8830406757057123,1.4431082331174838,0.7034104750304506,224.46916652089664
registered_config,level_percentile,Уровень: нижние проценты диапазона,"level_percentile:{""pct"":5,""window"":90}","{""pct"":5,""window"":90}",KZT,1146,163,48,0.294478527607362,0.3568935427574171,0.8251158744206281,1.3102820746132846,0.694884287454324,221.78985972833613
registered_config,level_percentile,Уровень: нижние проценты диапазона,"level_percentile:{""pct"":5,""window"":180}","{""pct"":5,""window"":180}",KZT,1146,191,60,0.31413612565445026,0.3568935427574171,0.880195599022005,1.1741682974559688,0.8142509135200974,214.8270580352131
registered_config,level_percentile,Уровень: нижние проценты диапазона,"level_percentile:{""pct"":5,""window"":252}","{""pct"":5,""window"":252}",KZT,1146,213,61,0.2863849765258216,0.3568935427574171,0.8024381004855541,1.1233885819521179,0.9080389768574908,217.65554712734968
registered_config,level_percentile,Уровень: нижние проценты диапазона,"level_percentile:{""pct"":10,""window"":30}","{""pct"":10,""window"":30}",KZT,1146,211,64,0.3033175355450237,0.3568935427574171,0.8498823856591619,1.4712643678160917,0.8995127892813641,221.54723738279944
registered_config,level_percentile,Уровень: нижние проценты диапазона,"level_percentile:{""pct"":10,""window"":60}","{""pct"":10,""window"":60}",KZT,1146,246,72,0.2926829268292683,0.3568935427574171,0.8200846800644046,1.2926391382405746,1.0487210718635809,209.35367734232574
registered_config,level_percentile,Уровень: нижние проценты диапазона,"level_percentile:{""pct"":10,""window"":90}","{""pct"":10,""window"":90}",KZT,1146,251,67,0.26693227091633465,0.3568935427574171,0.7479324754770649,1.1355932203389831,1.0700365408038977,213.83868314263495
registered_config,level_percentile,Уровень: нижние проценты диапазона,"level_percentile:{""pct"":10,""window"":180}","{""pct"":10,""window"":180}",KZT,1146,247,68,0.27530364372469635,0.3568935427574171,0.7713886936638191,1.0641627543035994,1.0529841656516443,230.44197935059108
registered_config,level_percentile,Уровень: нижние проценты диапазона,"level_percentile:{""pct"":10,""window"":252}","{""pct"":10,""window"":252}",KZT,1146,265,84,0.3169811320754717,0.3568935427574171,0.8881671818056004,1.095176010430248,1.1297198538367843,221.03105763728078
registered_config,level_percentile,Уровень: нижние проценты диапазона,"level_percentile:{""pct"":20,""window"":30}","{""pct"":20,""window"":30}",KZT,1146,317,96,0.3028391167192429,0.3568935427574171,0.8485418771644313,1.3099840800545826,1.3514007308160778,207.29738681889492
registered_config,level_percentile,Уровень: нижние проценты диапазона,"level_percentile:{""pct"":20,""window"":60}","{""pct"":20,""window"":60}",KZT,1146,345,87,0.25217391304347825,0.3568935427574171,0.7065802062294037,1.0767326732673268,1.4707673568818513,210.1616906004649
registered_config,level_percentile,Уровень: нижние проценты диапазона,"level_percentile:{""pct"":20,""window"":90}","{""pct"":20,""window"":90}",KZT,1146,328,89,0.27134146341463417,0.3568935427574171,0.7602868388097085,1.090686274509804,1.3982947624847746,213.7506156660555
registered_config,level_percentile,Уровень: нижние проценты диапазона,"level_percentile:{""pct"":20,""window"":180}","{""pct"":20,""window"":180}",KZT,1146,312,100,0.32051282051282054,0.3568935427574171,0.8980628173782209,1.0593220338983051,1.3300852618757613,207.87295782354437
registered_config,level_percentile,Уровень: нижние проценты диапазона,"level_percentile:{""pct"":20,""window"":252}","{""pct"":20,""window"":252}",KZT,1146,353,110,0.311614730878187,0.3568935427574171,0.8731307618249445,1.0466222645099905,1.504872107186358,202.10285444183086
registered_config,momentum_streak,Моментум: N дней подряд вниз,"momentum_streak:{""n"":2}","{""n"":2}",KZT,1146,303,100,0.33003300330033003,0.3568935427574171,0.9247379505676729,1.4120969639915275,1.2917174177831912,193.01378493323188
registered_config,momentum_streak,Моментум: N дней подряд вниз,"momentum_streak:{""n"":3}","{""n"":3}",KZT,1146,156,47,0.30128205128205127,0.3568935427574171,0.8441790483355276,1.3590361445783132,0.6650426309378806,222.2192055939745
registered_config,momentum_streak,Моментум: N дней подряд вниз,"momentum_streak:{""n"":4}","{""n"":4}",KZT,1146,83,25,0.30120481927710846,0.3568935427574171,0.8439626476566413,1.3711151736745886,0.353836784409257,258.48831156754693
registered_config,momentum_streak,Моментум: N дней подряд вниз,"momentum_streak:{""n"":5}","{""n"":5}",KZT,1146,42,11,0.2619047619047619,0.3568935427574171,0.7338456164862034,1.375,0.17904993909866015,331.00235101388023
registered_config,filter_rule,Сильное однодневное снижение,"filter_rule:{""x"":0.5}","{""x"":0.5}",KZT,1146,309,96,0.3106796116504854,0.3568935427574171,0.8705105989033162,1.384282624369142,1.3172959805115712,213.48981934119112
registered_config,filter_rule,Сильное однодневное снижение,"filter_rule:{""x"":1}","{""x"":1}",KZT,1146,180,56,0.3111111111111111,0.3568935427574171,0.871719641401793,1.4219212865002113,0.7673568818514007,249.57577963803504
registered_config,filter_rule,Сильное однодневное снижение,"filter_rule:{""x"":2}","{""x"":2}",KZT,1146,64,20,0.3125,0.3568935427574171,0.8756112469437654,1.466992665036675,0.2728380024360536,267.6399656469508
registered_config,filter_rule,Сильное однодневное снижение,"filter_rule:{""x"":3}","{""x"":3}",KZT,1146,26,5,0.19230769230769232,0.3568935427574171,0.5388376904269325,1.4150943396226416,0.11084043848964677,347.2200392101888
registered_config,reversal_from_low,Разворот вверх от минимума,"reversal_from_low:{""bounce"":0.5,""lookback"":20}","{""bounce"":0.5,""lookback"":20}",KZT,1146,969,354,0.3653250773993808,0.3568935427574171,1.0236247889967982,0.9460603091176338,4.130937880633374,146.79088517707825
registered_config,reversal_from_low,Разворот вверх от минимума,"reversal_from_low:{""bounce"":0.5,""lookback"":60}","{""bounce"":0.5,""lookback"":60}",KZT,1146,1021,372,0.3643486777668952,0.3568935427574171,1.0208889601977065,0.9657320872274143,4.352618757612667,148.5058431713478
registered_config,reversal_from_low,Разворот вверх от минимума,"reversal_from_low:{""bounce"":0.5,""lookback"":90}","{""bounce"":0.5,""lookback"":90}",KZT,1146,1040,380,0.36538461538461536,0.3568935427574171,1.0237916118111716,0.9761109684048291,4.433617539585871,147.36304339210216
registered_config,reversal_from_low,Разворот вверх от минимума,"reversal_from_low:{""bounce"":1.0,""lookback"":20}","{""bounce"":1.0,""lookback"":20}",KZT,1146,893,325,0.3639417693169093,0.3568935427574171,1.0197488206287972,0.9238641209077558,3.80694275274056,147.1896164707772
registered_config,reversal_from_low,Разворот вверх от минимума,"reversal_from_low:{""bounce"":1.0,""lookback"":60}","{""bounce"":1.0,""lookback"":60}",KZT,1146,972,359,0.36934156378600824,0.3568935427574171,1.0348788070874462,0.9586968132455046,4.143727161997564,148.48444866192474
registered_config,reversal_from_low,Разворот вверх от минимума,"reversal_from_low:{""bounce"":1.0,""lookback"":90}","{""bounce"":1.0,""lookback"":90}",KZT,1146,995,366,0.3678391959798995,0.3568935427574171,1.030669238613606,0.9701360664428345,4.2417783191230205,147.61082393686047
registered_config,reversal_from_low,Разворот вверх от минимума,"reversal_from_low:{""bounce"":1.5,""lookback"":20}","{""bounce"":1.5,""lookback"":20}",KZT,1146,797,289,0.36260978670012545,0.3568935427574171,1.0160166639568309,0.9073308565747475,3.3976857490864796,146.36230036994857
registered_config,reversal_from_low,Разворот вверх от минимума,"reversal_from_low:{""bounce"":1.5,""lookback"":60}","{""bounce"":1.5,""lookback"":60}",KZT,1146,909,346,0.38063806380638066,0.3568935427574171,1.0665311029880495,0.9650427668278171,3.8751522533495737,144.59062191247477
registered_config,reversal_from_low,Разворот вверх от минимума,"reversal_from_low:{""bounce"":1.5,""lookback"":90}","{""bounce"":1.5,""lookback"":90}",KZT,1146,946,357,0.3773784355179704,0.3568935427574171,1.0573977679794477,0.9758542141230068,4.032886723507917,146.20037411063706
registered_config,volatility_regime,Волатильность и режим,"volatility_regime:{""regime"":""low"",""window"":20}","{""regime"":""low"",""window"":20}",KZT,1146,62,22,0.3548387096774194,0.3568935427574171,0.9942424481425981,1.0891089108910892,0.2643118148599269,76.00229967394601
registered_config,volatility_regime,Волатильность и режим,"volatility_regime:{""regime"":""mid"",""window"":20}","{""regime"":""mid"",""window"":20}",KZT,1146,253,110,0.43478260869565216,0.3568935427574171,1.2182417348782821,1.0196199598331532,1.0785627283800243,90.62961831134524
registered_config,volatility_regime,Волатильность и режим,"volatility_regime:{""regime"":""high"",""window"":20}","{""regime"":""high"",""window"":20}",KZT,1146,831,277,0.3333333333333333,0.3568935427574171,0.9339853300733496,0.9860575496885199,3.542630937880633,183.40504639504744
registered_config,seasonality,Сезонность,"seasonality:{""calendar"":""month"",""min_observations"":20,""min_signal_to_noise"":0.25}","{""calendar"":""month"",""min_observations"":20,""min_signal_to_noise"":0.25}",KZT,1146,34,15,0.4411764705882353,0.3568935427574171,1.2361570545088452,1.0000000000000002,0.14494518879415347,205.7628301910028
registered_config,seasonality,Сезонность,"seasonality:{""calendar"":""day_of_month"",""min_observations"":20,""min_signal_to_noise"":0.25}","{""calendar"":""day_of_month"",""min_observations"":20,""min_signal_to_noise"":0.25}",KZT,1146,122,49,0.4016393442622951,0.3568935427574171,1.1253757665637902,0.9882352941176469,0.5200974421437271,137.85922750002624
